{
    "accuracy_u_init": 0.5266666666666666,
    "accuracy_m_init": 1.0,
    "accuracy_W_init": 0.6133333333333333,
    "accuracy_H_init": 0.55,
    "accuracy_W": 1.0,
    "accuracy_H": 1.0
}