{
    "accuracy_u_init": 0.5133333333333333,
    "accuracy_m_init": 0.505,
    "accuracy_W": 0.6066666666666667,
    "accuracy_H": 0.515
}