{
    "accuracy_u_init": 0.9666666666666667,
    "accuracy_m_init": 0.965,
    "accuracy_W": 0.54,
    "accuracy_H": 0.5700000000000001
}