{
    "accuracy_u_init": 0.5133333333333333,
    "accuracy_m_init": 0.6599999999999999,
    "accuracy_W": 0.5533333333333333,
    "accuracy_H": 0.615
}